_id,Video UR
1,_1v_EcjeIkg#t=2
2,_7TacvYrnjI
3,_C3D0rcFXrY
4,_EEjP5xido
5,_F_91Tc5zI
6,_UVfqA_2pcA
7,-_5oCJlJTP
8,-CQrSsrctQ
9,-SPk694cnU
10,-yIvxZ_5ekA
11,-zmZfoMkVt
12,066TfrnEDK
13,0R-TKTsIU2w
14,1fm-xSSARyo
15,1hGEYQHysj
16,2Ud-NmO8GK
17,3udBIXCDxv
18,4_o47Gs6DQ
19,4aGDCE6Nrz
20,4asE77HUtU
21,5cEL5mq-OO
22,5l5s_h9IFD
23,5WSkKUjizx
24,66i3SlFdSJM
25,6HFw8TNexy
26,6ITD1tqXDII
27,6QFwo57WKwg
28,7G46YMyQjBY
29,7h767n_gaC
30,7iFXyLah2oQ
31,7JW54Pz9E_o
32,7upgaUAcjbc
33,8dCZm5aLj9
34,9C_HReR_Mc
35,9CDU6q_dG0
36,9JR8QQF3UQ
37,9tNgDQKYsZ
38,a1vjdEfxjX
39,a8k3b-QNbh
40,A8R88z8aqy
41,APTl4g860S
42,aqaaHE2L9Bo
43,aRsWk4JZa5
44,b3_lVSrPB6
45,bBXyB7niEc0
46,BK6q9b57I0
47,buL9GsYvKW
48,C-Y80pxkE6Y#t=5
49,CBBvXth-O_
50,CcnzvIM5XX
51,Ch5MEJk5ZC
52,CJoQOQHQ8o
53,cWYm51Eh-D
54,czWr5o5v0n
55,DPKQwfIe5Y
56,DyWjv5FheA
57,E0AiQRkm4Q
58,E24b8FeqDI
59,e79PU5bEl_
60,EdzLFNELeC
61,egcXvqiho4
62,Ejr9KBQzQP
63,elpAKTauZU
64,Ep8hJ4cT8M
65,ERXq3r1Kq0
66,evNi4_2qHP
67,EyMD-1RUDK
68,FavUpD_IjV
69,fbVN4eA0cD
70,fgOaT4xzdvo
71,FiONq6gDAn
72,FQ86RwOVIn
73,g1Og5Tg_Jyo
74,GABqQ1c4up
75,gqpkZ2LPpp
76,gwIRoxI2mlM
77,Hc6J5rlKhI
78,hGin0d0CK1
79,hPH4NI7EFh
80,hUVIjJ7SpA
81,iqzt3T4R38c
82,iRZ2Sh5-XuM
83,IWzIMJifTAs
84,iZ8nN6hTnm
85,J_5UPNFs9I
86,JbepN4dKLbU
87,Jd7YWGK_lN
88,jdRCNM2k42
89,jgnG2wvykS
90,JjgvRemYrm
91,jk9NLUyYEpw
92,JKqV_ybCS-I
93,Jo6dkHgT6T
94,jq_0riYAyC
95,jUxjG4VBTa
96,k-k74p6b1b
97,k5R-XJJaw_
98,KGDFYEims1E
99,KHBSDeMu2B
100,kp6JwRd7_2c
101,KQoJo81lujk
102,kXFqShppQH
103,l-0rVkJKHIo
104,l-7IV2qryi
105,LB871SVYMh
106,LB871SVYMh
107,lDTYGZomVDA
108,lDUOmY80GhU
109,lNm0FyTBjI
110,LvTGKim2tSM
111,LZepj6u5Dtc
112,m_TXgsFsh8
113,M97VkS_YpO
114,mc5inUYJoM
115,MdaOT72ieX
116,mYBRTi8MM3
117,n2XoqJdvek
118,NF-XMtNEud
119,NFR-ADakI-
120,NgWn7zbgxZ
121,nk2wViKSh_
122,Nk6rEnuTfR
123,o31pmwWNUw
124,O8MQMn-62y
125,OGbhJjXl9R
126,oNsz4wZ5tc
127,OPnsgif7hB
128,P_MJbgO7SF
129,PBFuAAN9j90
130,PCjt7WtIYL
131,pLCq7N9GcN
132,PNLcwqUOXf
133,PU8eB-uoaD
134,Pv854t5QUV
135,PYtXuBN1Hv
136,q6EoRBvdVPQ
137,qllXwbrKgX
138,qrBj3u5dPg
139,R1iwVklkK4
140,R3TV3U-9uv
141,R4XU7VFllWE
142,res3nOWeDTc
143,RPztVmwT7hU
144,Rs0a2QDhEF
145,RTb6cb94Q_A
146,SEdpwWND29I
147,SFAL3NIxVz
148,SMCxefcb82
149,sqn_z9PDUwM
150,sxpLiQgdTI
151,T5Y2TES-hJs
152,TCEA5354tx
153,TIBGu7BaC-
154,tnWP2Emps1M
155,tWwBRIZY9v
156,u1hPTVy5BlY
157,u7Mabcmoot
158,UE_PMOZ9bB
159,UeBihoUS3W
160,uF5ivqakjI
161,uHT_qB9AfJ
162,UqRO21kqiO
163,uu-EuNeiTR
164,v-RE7RUzjf
165,v4IC7qaNr7
166,vdX_OBUeHb
167,Vh473k-uHH
168,VMunaw_4x5
169,w7Y3zBnW2o
170,W84GVTSFZX
171,wBqM2ytqHY
172,wDyruCZ2OW
173,WGz9QmirLB
174,wiHCcz5HVL
175,wJpDIOb7g2
176,wnl-qhCgW0
177,wR1L51_bEb
178,WraTUT7hl44
179,wusGIl3v04
180,X_65yuIx1-
181,X8kjYuT9Vw
182,XDXrP9HET2
183,XzCEFB-akQ
184,yBZO4lMUOTM
185,YCeQLeQiRP
186,YDAGs6fEc-
187,YfY1lfFu8j
188,YpHX5unjv5Y
189,yToii3-p-N
190,YVEY24ieq0
191,yvgVsxaqYg
192,yzC4hFK5P3g
193,zDWDQbdbd5
194,zKEHuUASlt
195,zKEHuUASlt
196,ZqzESY7SIq